Workbook

Sheet Resumen
A1: Tarea 3: Análisis de probabilidad y dispersión
A2: Planta manufacturera de artículos electrónicos (Los Andes, Mérida). Respuestas al director ejecutivo; todos los valores vienen de las hojas de cálculo.
A4: N.º | B4: Pregunta del director ejecutivo | C4: Resultado | D4: Detalle
A5: 1 | B5: ¿Cuántas unidades defectuosas se espera en un lote de 200 unidades? | C5: =Binomial!C5 -> 6 | D5: μ = n × p = 200 × 0,03; desviación estándar σ = 2,41 unidades.
A6: 2 | B6: ¿Cuál es la probabilidad de tener exactamente 5 unidades defectuosas? | C6: =Binomial!C11 -> 0.16224965 | D6: P(X = 5) con la fórmula binomial; equivale a 16,22 % de los lotes.
A7: 3 | B7: ¿Cuál es la probabilidad de tener 6 o más unidades defectuosas? | C7: =Binomial!C14 -> 0.55677079 | D7: P(X ≥ 6) = 1 − P(X ≤ 5); más de la mitad de los lotes.
A8: 4 | B8: ¿Qué tiempo de procesamiento separa el 10 % más rápido del resto? (min) | C8: =Normal!D13 -> 34.747587 | D8: Percentil 10 = μ + z·σ = 45 − 1,2816 × 8.
A9: 5 | B9: ¿Cuál es la probabilidad de que una unidad tarde entre 37 y 53 minutos? | C9: =Normal!D12 -> 0.68268949 | D9: P(−1 < Z < 1): regla empírica de 68 %.
A10: 6 | B10: ¿Cuáles son las recomendaciones para mejorar la calidad y eficiencia? | C10: Ver documento Word | D10: Sección «Recomendaciones y conclusiones» del informe.
A12: Otros resultados clave
B13: Medida | C13: Resultado | D13: Fuente
B14: Varianza σ² del número de defectos | C14: =Binomial!C6 -> 5.82 | D14: Hoja Binomial
B15: P(X ≤ 3): a lo sumo 3 defectos | C15: =Binomial!C15 -> 0.14715119 | D15: Hoja Binomial
B16: z de 37 min | C16: =Normal!D7 -> -1 | D16: Hoja Normal
B17: z de 53 min | C17: =Normal!D8 -> 1 | D17: Hoja Normal
B18: z del percentil 10 | C18: =Normal!D9 -> -1.2815516 | D18: Hoja Normal
B19: P(tiempo < 37 min) | C19: =Normal!D10 -> 0.15865525 | D19: Hoja Normal
B20: P(tiempo > 53 min) | C20: =Normal!D11 -> 0.15865525 | D20: Hoja Normal
B21: Tiempo del percentil 90 (min) | C21: =Normal!D15 -> 55.252413 | D21: Hoja Normal
A23: Hojas del libro: Parámetros (datos de la consigna) · Binomial · Normal · Tabla Z · Sensibilidad. Letra azul sobre amarillo = dato editable; negro = fórmula.

Sheet Parámetros
A1: Parámetros del problema
A2: Los datos de entrada (letra azul con fondo amarillo) vienen de la consigna de la Tarea 3; todas las demás hojas se recalculan si se cambian.
A4: Parámetro | B4: Valor | C4: Descripción y fuente
A5: n (unidades por lote) | B5: 200 | C5: Consigna: en un lote típico se producen 200 unidades por día.
A6: p (probabilidad de defecto) | B6: 0.03 | C6: Consigna: tasa promedio histórica de defectos de 3 % por unidad.
A7: q = 1 − p | B7: =1-B6 -> 0.97 | C7: Probabilidad de que una unidad salga sin defecto.
A8: μ del tiempo de procesamiento (min) | B8: 45 | C8: Consigna: media de 45 minutos.
A9: σ del tiempo de procesamiento (min) | B9: 8 | C9: Consigna: desviación estándar de 8 minutos.
A10: k para P(X = k) | B10: 5 | C10: Consigna, Parte A.4: exactamente 5 defectos.
A11: k para P(X ≥ k) | B11: 6 | C11: Consigna, Parte A.5: 6 o más defectos.
A12: k para P(X ≤ k) | B12: 3 | C12: Consigna, Parte A.6: como máximo 3 defectos.
A13: x₁ (min) | B13: 37 | C13: Consigna, Parte B: límite inferior del intervalo de tiempo.
A14: x₂ (min) | B14: 53 | C14: Consigna, Parte B: límite superior del intervalo de tiempo.
A15: Percentil bajo (10 % más rápido) | B15: 0.1 | C15: Consigna, pregunta 4: el 10 % más rápido.
A16: Percentil alto | B16: 0.9 | C16: Consigna, Parte B.7: percentil 90.
A18: Convención de colores: azul sobre amarillo = dato de entrada; negro = fórmula. Las probabilidades se muestran con 4 decimales.

Sheet Binomial
A1: Distribución binomial: defectos en un lote de 200 unidades
A2: P(X = k) = C(n, k) · p^k · (1 − p)^(n − k). Parámetros en la hoja «Parámetros».
A4: Medida | B4: Fórmula | C4: Resultado | D4: Interpretación
A5: μ: valor esperado de defectos | B5: μ = n × p | C5: =Parámetros!$B$5*Parámetros!$B$6 -> 6 | D5: Defectos que se esperan, en promedio, por lote de 200 unidades.
A6: σ²: varianza | B6: σ² = n × p × (1 − p) | C6: =Parámetros!$B$5*Parámetros!$B$6*Parámetros!$B$7 -> 5.82 | D6: Dispersión de los defectos alrededor de la media, en unidades al cuadrado.
A7: σ: desviación estándar | B7: σ = √(n × p × (1 − p)) | C7: =SQRT(C6) -> 2.4124676 | D7: Variación típica del número de defectos por lote.
A8: ="C(n, k) con k = "&Parámetros!$B$10 -> C(n, k) con k = 5 | B8: C(n, k) = n! / (k!·(n − k)!) | C8: =COMBIN(Parámetros!$B$5,Parámetros!$B$10) -> 2535650040 | D8: Formas de escoger cuáles unidades son las defectuosas.
A9: ="p^k con k = "&Parámetros!$B$10 -> p^k con k = 5 | B9: p^k | C9: =Parámetros!$B$6^Parámetros!$B$10 -> 2.43e-08 | D9: Probabilidad de que las k unidades escogidas sean defectuosas.
A10: ="(1 − p)^(n − k) con k = "&Parámetros!$B$10 -> (1 − p)^(n − k) con k = 5 | B10: (1 − p)^(n − k) | C10: =Parámetros!$B$7^(Parámetros!$B$5-Parámetros!$B$10) -> 0.0026332263 | D10: Probabilidad de que las demás unidades salgan buenas.
A11: ="P(X = "&Parámetros!$B$10&")" -> P(X = 5) | B11: C(n, k) · p^k · (1 − p)^(n − k) | C11: =C8*C9*C10 -> 0.16224965 | D11: Probabilidad de exactamente 5 defectos en el lote.
A12: ="P(X = "&Parámetros!$B$10&") con BINOMDIST (verificación)" -> P(X = 5) con BINOMDIST (verificación) | B12: BINOMDIST(k; n; p; FALSO) | C12: =BINOMDIST(Parámetros!$B$10,Parámetros!$B$5,Parámetros!$B$6,FALSE()) -> 0.16224965 | D12: Debe coincidir con el cálculo manual de la fila anterior.
A13: ="P(X ≤ "&(Parámetros!$B$11-1)&")" -> P(X ≤ 5) | B13: Suma de P(X = k) desde 0 hasta 5 | C13: =BINOMDIST(Parámetros!$B$11-1,Parámetros!$B$5,Parámetros!$B$6,TRUE()) -> 0.44322921 | D13: Probabilidad acumulada de tener hasta 5 defectos.
A14: ="P(X ≥ "&Parámetros!$B$11&") = 1 − P(X ≤ "&(Parámetros!$B$11-1)&")" -> P(X ≥ 6) = 1 − P(X ≤ 5) | B14: 1 − P(X ≤ 5) | C14: =1-C13 -> 0.55677079 | D14: Probabilidad de tener 6 o más defectos en el lote.
A15: ="P(X ≤ "&Parámetros!$B$12&")" -> P(X ≤ 3) | B15: BINOMDIST(3; n; p; VERDADERO) | C15: =BINOMDIST(Parámetros!$B$12,Parámetros!$B$5,Parámetros!$B$6,TRUE()) -> 0.14715119 | D15: Probabilidad de un lote con a lo sumo 3 defectos.
A16: Rango usual de defectos: μ − 2σ | B16: μ − 2σ | C16: =C5-2*C7 -> 1.1750648 | D16: Límite inferior del intervalo que cubre cerca del 95 % de los lotes.
A17: Rango usual de defectos: μ + 2σ | B17: μ + 2σ | C17: =C5+2*C7 -> 10.824935 | D17: Límite superior del intervalo que cubre cerca del 95 % de los lotes.
A18: P(X ≥ 10): lote crítico | B18: 1 − P(X ≤ 9) | C18: =1-BINOMDIST(9,Parámetros!$B$5,Parámetros!$B$6,TRUE()) -> 0.080779359 | D18: Riesgo de un lote con 10 o más defectos (umbral de alerta propuesto).
A20: Tabla de probabilidades para k = 0 a 12 defectos
A21: k | B21: C(n, k) | C21: p^k | D21: (1 − p)^(n − k) | E21: P(X = k) manual | F21: P(X = k) BINOMDIST | G21: P(X ≤ k) | H21: P(X ≥ k) | I21: Serie: P(X ≤ 3) | J21: Serie: k = 4 | K21: Serie: k = 5 | L21: Serie: k = μ | M21: Serie: k ≥ 6, k ≠ μ
A22: 0 | B22: =COMBIN(Parámetros!$B$5,A22) -> 1 | C22: =Parámetros!$B$6^A22 -> 1 | D22: =Parámetros!$B$7^(Parámetros!$B$5-A22) -> 0.002261241 | E22: =B22*C22*D22 -> 0.002261241 | F22: =BINOMDIST(A22,Parámetros!$B$5,Parámetros!$B$6,FALSE()) -> 0.002261241 | G22: =BINOMDIST(A22,Parámetros!$B$5,Parámetros!$B$6,TRUE()) -> 0.002261241 | H22: =IF(A22=0,1,1-BINOMDIST(A22-1,Parámetros!$B$5,Parámetros!$B$6,TRUE())) -> 1 | I22: =IF(A22<=Parámetros!$B$12,E22,0) -> 0.002261241 | J22: =IF(AND(A22>Parámetros!$B$12,A22<Parámetros!$B$10),E22,0) -> 0 | K22: =IF(A22=Parámetros!$B$10,E22,0) -> 0 | L22: =IF(A22=$C$5,E22,0) -> 0 | M22: =IF(AND(A22>=Parámetros!$B$11,A22<>$C$5),E22,0) -> 0
A23: 1 | B23: =COMBIN(Parámetros!$B$5,A23) -> 200 | C23: =Parámetros!$B$6^A23 -> 0.03 | D23: =Parámetros!$B$7^(Parámetros!$B$5-A23) -> 0.0023311763 | E23: =B23*C23*D23 -> 0.013987058 | F23: =BINOMDIST(A23,Parámetros!$B$5,Parámetros!$B$6,FALSE()) -> 0.013987058 | G23: =BINOMDIST(A23,Parámetros!$B$5,Parámetros!$B$6,TRUE()) -> 0.016248299 | H23: =IF(A23=0,1,1-BINOMDIST(A23-1,Parámetros!$B$5,Parámetros!$B$6,TRUE())) -> 0.99773876 | I23: =IF(A23<=Parámetros!$B$12,E23,0) -> 0.013987058 | J23: =IF(AND(A23>Parámetros!$B$12,A23<Parámetros!$B$10),E23,0) -> 0 | K23: =IF(A23=Parámetros!$B$10,E23,0) -> 0 | L23: =IF(A23=$C$5,E23,0) -> 0 | M23: =IF(AND(A23>=Parámetros!$B$11,A23<>$C$5),E23,0) -> 0
A24: 2 | B24: =COMBIN(Parámetros!$B$5,A24) -> 19900 | C24: =Parámetros!$B$6^A24 -> 0.0009 | D24: =Parámetros!$B$7^(Parámetros!$B$5-A24) -> 0.0024032745 | E24: =B24*C24*D24 -> 0.043042647 | F24: =BINOMDIST(A24,Parámetros!$B$5,Parámetros!$B$6,FALSE()) -> 0.043042647 | G24: =BINOMDIST(A24,Parámetros!$B$5,Parámetros!$B$6,TRUE()) -> 0.059290946 | H24: =IF(A24=0,1,1-BINOMDIST(A24-1,Parámetros!$B$5,Parámetros!$B$6,TRUE())) -> 0.9837517 | I24: =IF(A24<=Parámetros!$B$12,E24,0) -> 0.043042647 | J24: =IF(AND(A24>Parámetros!$B$12,A24<Parámetros!$B$10),E24,0) -> 0 | K24: =IF(A24=Parámetros!$B$10,E24,0) -> 0 | L24: =IF(A24=$C$5,E24,0) -> 0 | M24: =IF(AND(A24>=Parámetros!$B$11,A24<>$C$5),E24,0) -> 0
A25: 3 | B25: =COMBIN(Parámetros!$B$5,A25) -> 1313400 | C25: =Parámetros!$B$6^A25 -> 2.7e-05 | D25: =Parámetros!$B$7^(Parámetros!$B$5-A25) -> 0.0024776026 | E25: =B25*C25*D25 -> 0.087860248 | F25: =BINOMDIST(A25,Parámetros!$B$5,Parámetros!$B$6,FALSE()) -> 0.087860248 | G25: =BINOMDIST(A25,Parámetros!$B$5,Parámetros!$B$6,TRUE()) -> 0.14715119 | H25: =IF(A25=0,1,1-BINOMDIST(A25-1,Parámetros!$B$5,Parámetros!$B$6,TRUE())) -> 0.94070905 | I25: =IF(A25<=Parámetros!$B$12,E25,0) -> 0.087860248 | J25: =IF(AND(A25>Parámetros!$B$12,A25<Parámetros!$B$10),E25,0) -> 0 | K25: =IF(A25=Parámetros!$B$10,E25,0) -> 0 | L25: =IF(A25=$C$5,E25,0) -> 0 | M25: =IF(AND(A25>=Parámetros!$B$11,A25<>$C$5),E25,0) -> 0
A26: 4 | B26: =COMBIN(Parámetros!$B$5,A26) -> 64684950 | C26: =Parámetros!$B$6^A26 -> 8.1e-07 | D26: =Parámetros!$B$7^(Parámetros!$B$5-A26) -> 0.0025542295 | E26: =B26*C26*D26 -> 0.13382837 | F26: =BINOMDIST(A26,Parámetros!$B$5,Parámetros!$B$6,FALSE()) -> 0.13382837 | G26: =BINOMDIST(A26,Parámetros!$B$5,Parámetros!$B$6,TRUE()) -> 0.28097956 | H26: =IF(A26=0,1,1-BINOMDIST(A26-1,Parámetros!$B$5,Parámetros!$B$6,TRUE())) -> 0.85284881 | I26: =IF(A26<=Parámetros!$B$12,E26,0) -> 0 | J26: =IF(AND(A26>Parámetros!$B$12,A26<Parámetros!$B$10),E26,0) -> 0.13382837 | K26: =IF(A26=Parámetros!$B$10,E26,0) -> 0 | L26: =IF(A26=$C$5,E26,0) -> 0 | M26: =IF(AND(A26>=Parámetros!$B$11,A26<>$C$5),E26,0) -> 0
A27: 5 | B27: =COMBIN(Parámetros!$B$5,A27) -> 2535650040 | C27: =Parámetros!$B$6^A27 -> 2.43e-08 | D27: =Parámetros!$B$7^(Parámetros!$B$5-A27) -> 0.0026332263 | E27: =B27*C27*D27 -> 0.16224965 | F27: =BINOMDIST(A27,Parámetros!$B$5,Parámetros!$B$6,FALSE()) -> 0.16224965 | G27: =BINOMDIST(A27,Parámetros!$B$5,Parámetros!$B$6,TRUE()) -> 0.44322921 | H27: =IF(A27=0,1,1-BINOMDIST(A27-1,Parámetros!$B$5,Parámetros!$B$6,TRUE())) -> 0.71902044 | I27: =IF(A27<=Parámetros!$B$12,E27,0) -> 0 | J27: =IF(AND(A27>Parámetros!$B$12,A27<Parámetros!$B$10),E27,0) -> 0 | K27: =IF(A27=Parámetros!$B$10,E27,0) -> 0.16224965 | L27: =IF(A27=$C$5,E27,0) -> 0 | M27: =IF(AND(A27>=Parámetros!$B$11,A27<>$C$5),E27,0) -> 0
A28: 6 | B28: =COMBIN(Parámetros!$B$5,A28) -> 82408626300 | C28: =Parámetros!$B$6^A28 -> 7.29e-10 | D28: =Parámetros!$B$7^(Parámetros!$B$5-A28) -> 0.0027146663 | E28: =B28*C28*D28 -> 0.16308599 | F28: =BINOMDIST(A28,Parámetros!$B$5,Parámetros!$B$6,FALSE()) -> 0.16308599 | G28: =BINOMDIST(A28,Parámetros!$B$5,Parámetros!$B$6,TRUE()) -> 0.6063152 | H28: =IF(A28=0,1,1-BINOMDIST(A28-1,Parámetros!$B$5,Parámetros!$B$6,TRUE())) -> 0.55677079 | I28: =IF(A28<=Parámetros!$B$12,E28,0) -> 0 | J28: =IF(AND(A28>Parámetros!$B$12,A28<Parámetros!$B$10),E28,0) -> 0 | K28: =IF(A28=Parámetros!$B$10,E28,0) -> 0 | L28: =IF(A28=$C$5,E28,0) -> 0.16308599 | M28: =IF(AND(A28>=Parámetros!$B$11,A28<>$C$5),E28,0) -> 0
A29: 7 | B29: =COMBIN(Parámetros!$B$5,A29) -> 2283896214600 | C29: =Parámetros!$B$6^A29 -> 2.187e-11 | D29: =Parámetros!$B$7^(Parámetros!$B$5-A29) -> 0.002798625 | E29: =B29*C29*D29 -> 0.13978799 | F29: =BINOMDIST(A29,Parámetros!$B$5,Parámetros!$B$6,FALSE()) -> 0.13978799 | G29: =BINOMDIST(A29,Parámetros!$B$5,Parámetros!$B$6,TRUE()) -> 0.74610319 | H29: =IF(A29=0,1,1-BINOMDIST(A29-1,Parámetros!$B$5,Parámetros!$B$6,TRUE())) -> 0.3936848 | I29: =IF(A29<=Parámetros!$B$12,E29,0) -> 0 | J29: =IF(AND(A29>Parámetros!$B$12,A29<Parámetros!$B$10),E29,0) -> 0 | K29: =IF(A29=Parámetros!$B$10,E29,0) -> 0 | L29: =IF(A29=$C$5,E29,0) -> 0 | M29: =IF(AND(A29>=Parámetros!$B$11,A29<>$C$5),E29,0) -> 0.13978799
A30: 8 | B30: =COMBIN(Parámetros!$B$5,A30) -> 55098996177225 | C30: =Parámetros!$B$6^A30 -> 6.561e-13 | D30: =Parámetros!$B$7^(Parámetros!$B$5-A30) -> 0.0028851804 | E30: =B30*C30*D30 -> 0.10430058 | F30: =BINOMDIST(A30,Parámetros!$B$5,Parámetros!$B$6,FALSE()) -> 0.10430058 | G30: =BINOMDIST(A30,Parámetros!$B$5,Parámetros!$B$6,TRUE()) -> 0.85040377 | H30: =IF(A30=0,1,1-BINOMDIST(A30-1,Parámetros!$B$5,Parámetros!$B$6,TRUE())) -> 0.25389681 | I30: =IF(A30<=Parámetros!$B$12,E30,0) -> 0 | J30: =IF(AND(A30>Parámetros!$B$12,A30<Parámetros!$B$10),E30,0) -> 0 | K30: =IF(A30=Parámetros!$B$10,E30,0) -> 0 | L30: =IF(A30=$C$5,E30,0) -> 0 | M30: =IF(AND(A30>=Parámetros!$B$11,A30<>$C$5),E30,0) -> 0.10430058
A31: 9 | B31: =COMBIN(Parámetros!$B$5,A31) -> 1.1754453e+15 | C31: =Parámetros!$B$6^A31 -> 1.9683e-14 | D31: =Parámetros!$B$7^(Parámetros!$B$5-A31) -> 0.0029744128 | E31: =B31*C31*D31 -> 0.068816874 | F31: =BINOMDIST(A31,Parámetros!$B$5,Parámetros!$B$6,FALSE()) -> 0.068816874 | G31: =BINOMDIST(A31,Parámetros!$B$5,Parámetros!$B$6,TRUE()) -> 0.91922064 | H31: =IF(A31=0,1,1-BINOMDIST(A31-1,Parámetros!$B$5,Parámetros!$B$6,TRUE())) -> 0.14959623 | I31: =IF(A31<=Parámetros!$B$12,E31,0) -> 0 | J31: =IF(AND(A31>Parámetros!$B$12,A31<Parámetros!$B$10),E31,0) -> 0 | K31: =IF(A31=Parámetros!$B$10,E31,0) -> 0 | L31: =IF(A31=$C$5,E31,0) -> 0 | M31: =IF(AND(A31>=Parámetros!$B$11,A31<>$C$5),E31,0) -> 0.068816874
A32: 10 | B32: =COMBIN(Parámetros!$B$5,A32) -> 2.2451004e+16 | C32: =Parámetros!$B$6^A32 -> 5.9049e-16 | D32: =Parámetros!$B$7^(Parámetros!$B$5-A32) -> 0.003066405 | E32: =B32*C32*D32 -> 0.040651618 | F32: =BINOMDIST(A32,Parámetros!$B$5,Parámetros!$B$6,FALSE()) -> 0.040651618 | G32: =BINOMDIST(A32,Parámetros!$B$5,Parámetros!$B$6,TRUE()) -> 0.95987226 | H32: =IF(A32=0,1,1-BINOMDIST(A32-1,Parámetros!$B$5,Parámetros!$B$6,TRUE())) -> 0.080779359 | I32: =IF(A32<=Parámetros!$B$12,E32,0) -> 0 | J32: =IF(AND(A32>Parámetros!$B$12,A32<Parámetros!$B$10),E32,0) -> 0 | K32: =IF(A32=Parámetros!$B$10,E32,0) -> 0 | L32: =IF(A32=$C$5,E32,0) -> 0 | M32: =IF(AND(A32>=Parámetros!$B$11,A32<>$C$5),E32,0) -> 0.040651618
A33: 11 | B33: =COMBIN(Parámetros!$B$5,A33) -> 3.8779007e+17 | C33: =Parámetros!$B$6^A33 -> 1.77147e-17 | D33: =Parámetros!$B$7^(Parámetros!$B$5-A33) -> 0.0031612422 | E33: =B33*C33*D33 -> 0.021716422 | F33: =BINOMDIST(A33,Parámetros!$B$5,Parámetros!$B$6,FALSE()) -> 0.021716422 | G33: =BINOMDIST(A33,Parámetros!$B$5,Parámetros!$B$6,TRUE()) -> 0.98158868 | H33: =IF(A33=0,1,1-BINOMDIST(A33-1,Parámetros!$B$5,Parámetros!$B$6,TRUE())) -> 0.040127742 | I33: =IF(A33<=Parámetros!$B$12,E33,0) -> 0 | J33: =IF(AND(A33>Parámetros!$B$12,A33<Parámetros!$B$10),E33,0) -> 0 | K33: =IF(A33=Parámetros!$B$10,E33,0) -> 0 | L33: =IF(A33=$C$5,E33,0) -> 0 | M33: =IF(AND(A33>=Parámetros!$B$11,A33<>$C$5),E33,0) -> 0.021716422
A34: 12 | B34: =COMBIN(Parámetros!$B$5,A34) -> 6.1076937e+18 | C34: =Parámetros!$B$6^A34 -> 5.31441e-19 | D34: =Parámetros!$B$7^(Parámetros!$B$5-A34) -> 0.0032590126 | E34: =B34*C34*D34 -> 0.01057836 | F34: =BINOMDIST(A34,Parámetros!$B$5,Parámetros!$B$6,FALSE()) -> 0.01057836 | G34: =BINOMDIST(A34,Parámetros!$B$5,Parámetros!$B$6,TRUE()) -> 0.99216704 | H34: =IF(A34=0,1,1-BINOMDIST(A34-1,Parámetros!$B$5,Parámetros!$B$6,TRUE())) -> 0.01841132 | I34: =IF(A34<=Parámetros!$B$12,E34,0) -> 0 | J34: =IF(AND(A34>Parámetros!$B$12,A34<Parámetros!$B$10),E34,0) -> 0 | K34: =IF(A34=Parámetros!$B$10,E34,0) -> 0 | L34: =IF(A34=$C$5,E34,0) -> 0 | M34: =IF(AND(A34>=Parámetros!$B$11,A34<>$C$5),E34,0) -> 0.01057836
A35: Σ k = 0..12 | E35: =SUM(E22:E34) -> 0.99216704
A36: Nota: las columnas «Serie» solo separan las barras por color para el gráfico (valor cero = sin barra). Σ queda en 0,9922 porque faltan las colas k ≥ 13.

Sheet Normal
A1: Distribución normal: tiempos de procesamiento
A2: z = (x − μ)/σ. Se muestra el valor exacto (Excel) y el valor que resulta de leer la tabla Z con z redondeado a dos decimales.
A4: μ (min) | B4: =Parámetros!$B$8 -> 45 | C4: σ (min) | D4: =Parámetros!$B$9 -> 8
A6: N.º | B6: Cálculo | C6: Fórmula | D6: Resultado exacto (Excel) | E6: Φ(|z|) leído en tabla Z | F6: Resultado con tabla Z | G6: Interpretación
A7: 1 | B7: ="z para "&Parámetros!$B$13&" min" -> z para 37 min | C7: z = (x − μ)/σ | D7: =(Parámetros!$B$13-$B$4)/$D$4 -> -1 | E7: =INDEX('Tabla Z'!$B$5:$K$39,INT(ROUND(ABS(D7)*100,0)/10)+1,MOD(ROUND(ABS(D7)*100,0),10)+1) -> 0.8413 | F7: =ROUND(D7,2) -> -1 | G7: 37 min está 1 desviación estándar por debajo de la media.
A8: 2 | B8: ="z para "&Parámetros!$B$14&" min" -> z para 53 min | C8: z = (x − μ)/σ | D8: =(Parámetros!$B$14-$B$4)/$D$4 -> 1 | E8: =INDEX('Tabla Z'!$B$5:$K$39,INT(ROUND(ABS(D8)*100,0)/10)+1,MOD(ROUND(ABS(D8)*100,0),10)+1) -> 0.8413 | F8: =ROUND(D8,2) -> 1 | G8: 53 min está 1 desviación estándar por encima de la media.
A9: 3 | B9: ="z del percentil "&TEXT(Parámetros!$B$15,"0%") -> z del percentil 10% | C9: z tal que Φ(z) = 0,10 | D9: =NORMSINV(Parámetros!$B$15) -> -1.2815516 | E9: =INDEX('Tabla Z'!$B$5:$K$39,INT(ROUND(ABS(D9)*100,0)/10)+1,MOD(ROUND(ABS(D9)*100,0),10)+1) -> 0.8997 | F9: =ROUND(D9,2) -> -1.28 | G9: El 10 % más rápido queda 1,28 desviaciones por debajo de la media.
A10: 4 | B10: ="P(X < "&Parámetros!$B$13&")" -> P(X < 37) | C10: Φ(z₁) | D10: =NORMSDIST(D7) -> 0.15865525 | F10: =1-E7 -> 0.1587 | G10: Probabilidad de que una unidad tarde menos de 37 min.
A11: 5 | B11: ="P(X > "&Parámetros!$B$14&")" -> P(X > 53) | C11: 1 − Φ(z₂) | D11: =1-NORMSDIST(D8) -> 0.15865525 | F11: =1-E8 -> 0.1587 | G11: Probabilidad de que una unidad tarde más de 53 min.
A12: 6 | B12: ="P("&Parámetros!$B$13&" < X < "&Parámetros!$B$14&")" -> P(37 < X < 53) | C12: Φ(z₂) − Φ(z₁) | D12: =NORMSDIST(D8)-NORMSDIST(D7) -> 0.68268949 | F12: =E8-(1-E7) -> 0.6826 | G12: Probabilidad de que una unidad tarde entre 37 y 53 min.
A13: 7 | B13: ="Tiempo del percentil "&TEXT(Parámetros!$B$15,"0%")&" (min)" -> Tiempo del percentil 10% (min) | C13: x = μ + z·σ | D13: =$B$4+D9*$D$4 -> 34.747587 | F13: =$B$4+F9*$D$4 -> 34.76 | G13: Tiempo que separa el 10 % más rápido del resto.
A14: 8 | B14: ="z del percentil "&TEXT(Parámetros!$B$16,"0%") -> z del percentil 90% | C14: z tal que Φ(z) = 0,90 | D14: =NORMSINV(Parámetros!$B$16) -> 1.2815516 | E14: =INDEX('Tabla Z'!$B$5:$K$39,INT(ROUND(ABS(D14)*100,0)/10)+1,MOD(ROUND(ABS(D14)*100,0),10)+1) -> 0.8997 | F14: =ROUND(D14,2) -> 1.28 | G14: Simétrico al percentil 10: 1,28 desviaciones por encima de la media.
A15: 9 | B15: ="Tiempo del percentil "&TEXT(Parámetros!$B$16,"0%")&" (min)" -> Tiempo del percentil 90% (min) | C15: x = μ + z·σ | D15: =NORMINV(Parámetros!$B$16,$B$4,$D$4) -> 55.252413 | F15: =$B$4+F14*$D$4 -> 55.24 | G15: El 90 % de las unidades se procesa en este tiempo o menos.
A18: Regla empírica: intervalos de desviación estándar
A19: k | B19: Intervalo μ ± kσ | C19: Límite inferior (min) | D19: Límite superior (min) | E19: P(μ − kσ < X < μ + kσ)
A20: 1 | B20: ="μ ± "&A20&"σ" -> μ ± 1σ | C20: =$B$4-A20*$D$4 -> 37 | D20: =$B$4+A20*$D$4 -> 53 | E20: =NORMSDIST(A20)-NORMSDIST(-A20) -> 0.68268949
A21: 2 | B21: ="μ ± "&A21&"σ" -> μ ± 2σ | C21: =$B$4-A21*$D$4 -> 29 | D21: =$B$4+A21*$D$4 -> 61 | E21: =NORMSDIST(A21)-NORMSDIST(-A21) -> 0.95449974
A22: 3 | B22: ="μ ± "&A22&"σ" -> μ ± 3σ | C22: =$B$4-A22*$D$4 -> 21 | D22: =$B$4+A22*$D$4 -> 69 | E22: =NORMSDIST(A22)-NORMSDIST(-A22) -> 0.9973002
A26: Datos para el gráfico: densidad f(x) = NORMDIST(x; μ; σ; FALSO)
A27: x (min) | B27: z | C27: f(x) | D27: Área x ≤ 37 | E27: Área 37 ≤ x ≤ 53 | F27: Área x ≥ 53
A28: 21 | B28: =(A28-$B$4)/$D$4 -> -3 | C28: =NORMDIST(A28,$B$4,$D$4,FALSE()) -> 0.00055398105 | D28: =IF(A28<=Parámetros!$B$13,C28,0) -> 0.00055398105 | E28: =IF(AND(A28>=Parámetros!$B$13,A28<=Parámetros!$B$14),C28,0) -> 0 | F28: =IF(A28>=Parámetros!$B$14,C28,0) -> 0
A29: 22 | B29: =(A29-$B$4)/$D$4 -> -2.875 | C29: =NORMDIST(A29,$B$4,$D$4,FALSE()) -> 0.00079976504 | D29: =IF(A29<=Parámetros!$B$13,C29,0) -> 0.00079976504 | E29: =IF(AND(A29>=Parámetros!$B$13,A29<=Parámetros!$B$14),C29,0) -> 0 | F29: =IF(A29>=Parámetros!$B$14,C29,0) -> 0
A30: 23 | B30: =(A30-$B$4)/$D$4 -> -2.75 | C30: =NORMDIST(A30,$B$4,$D$4,FALSE()) -> 0.0011366953 | D30: =IF(A30<=Parámetros!$B$13,C30,0) -> 0.0011366953 | E30: =IF(AND(A30>=Parámetros!$B$13,A30<=Parámetros!$B$14),C30,0) -> 0 | F30: =IF(A30>=Parámetros!$B$14,C30,0) -> 0
A31: 24 | B31: =(A31-$B$4)/$D$4 -> -2.625 | C31: =NORMDIST(A31,$B$4,$D$4,FALSE()) -> 0.0015905227 | D31: =IF(A31<=Parámetros!$B$13,C31,0) -> 0.0015905227 | E31: =IF(AND(A31>=Parámetros!$B$13,A31<=Parámetros!$B$14),C31,0) -> 0 | F31: =IF(A31>=Parámetros!$B$14,C31,0) -> 0
A32: 25 | B32: =(A32-$B$4)/$D$4 -> -2.5 | C32: =NORMDIST(A32,$B$4,$D$4,FALSE()) -> 0.0021910376 | D32: =IF(A32<=Parámetros!$B$13,C32,0) -> 0.0021910376 | E32: =IF(AND(A32>=Parámetros!$B$13,A32<=Parámetros!$B$14),C32,0) -> 0 | F32: =IF(A32>=Parámetros!$B$14,C32,0) -> 0
A33: 26 | B33: =(A33-$B$4)/$D$4 -> -2.375 | C33: =NORMDIST(A33,$B$4,$D$4,FALSE()) -> 0.0029714876 | D33: =IF(A33<=Parámetros!$B$13,C33,0) -> 0.0029714876 | E33: =IF(AND(A33>=Parámetros!$B$13,A33<=Parámetros!$B$14),C33,0) -> 0 | F33: =IF(A33>=Parámetros!$B$14,C33,0) -> 0
A34: 27 | B34: =(A34-$B$4)/$D$4 -> -2.25 | C34: =NORMDIST(A34,$B$4,$D$4,FALSE()) -> 0.0039674565 | D34: =IF(A34<=Parámetros!$B$13,C34,0) -> 0.0039674565 | E34: =IF(AND(A34>=Parámetros!$B$13,A34<=Parámetros!$B$14),C34,0) -> 0 | F34: =IF(A34>=Parámetros!$B$14,C34,0) -> 0
A35: 28 | B35: =(A35-$B$4)/$D$4 -> -2.125 | C35: =NORMDIST(A35,$B$4,$D$4,FALSE()) -> 0.0052151232 | D35: =IF(A35<=Parámetros!$B$13,C35,0) -> 0.0052151232 | E35: =IF(AND(A35>=Parámetros!$B$13,A35<=Parámetros!$B$14),C35,0) -> 0 | F35: =IF(A35>=Parámetros!$B$14,C35,0) -> 0
A36: 29 | B36: =(A36-$B$4)/$D$4 -> -2 | C36: =NORMDIST(A36,$B$4,$D$4,FALSE()) -> 0.0067488708 | D36: =IF(A36<=Parámetros!$B$13,C36,0) -> 0.0067488708 | E36: =IF(AND(A36>=Parámetros!$B$13,A36<=Parámetros!$B$14),C36,0) -> 0 | F36: =IF(A36>=Parámetros!$B$14,C36,0) -> 0
A37: 30 | B37: =(A37-$B$4)/$D$4 -> -1.875 | C37: =NORMDIST(A37,$B$4,$D$4,FALSE()) -> 0.0085982845 | D37: =IF(A37<=Parámetros!$B$13,C37,0) -> 0.0085982845 | E37: =IF(AND(A37>=Parámetros!$B$13,A37<=Parámetros!$B$14),C37,0) -> 0 | F37: =IF(A37>=Parámetros!$B$14,C37,0) -> 0
A38: 31 | B38: =(A38-$B$4)/$D$4 -> -1.75 | C38: =NORMDIST(A38,$B$4,$D$4,FALSE()) -> 0.010784665 | D38: =IF(A38<=Parámetros!$B$13,C38,0) -> 0.010784665 | E38: =IF(AND(A38>=Parámetros!$B$13,A38<=Parámetros!$B$14),C38,0) -> 0 | F38: =IF(A38>=Parámetros!$B$14,C38,0) -> 0
A39: 32 | B39: =(A39-$B$4)/$D$4 -> -1.625 | C39: =NORMDIST(A39,$B$4,$D$4,FALSE()) -> 0.013317284 | D39: =IF(A39<=Parámetros!$B$13,C39,0) -> 0.013317284 | E39: =IF(AND(A39>=Parámetros!$B$13,A39<=Parámetros!$B$14),C39,0) -> 0 | F39: =IF(A39>=Parámetros!$B$14,C39,0) -> 0
... A76: 69 | B76: =(A76-$B$4)/$D$4 -> 3 | C76: =NORMDIST(A76,$B$4,$D$4,FALSE()) -> 0.00055398105 | D76: =IF(A76<=Parámetros!$B$13,C76,0) -> 0 | E76: =IF(AND(A76>=Parámetros!$B$13,A76<=Parámetros!$B$14),C76,0) -> 0 | F76: =IF(A76>=Parámetros!$B$14,C76,0) -> 0.00055398105
A78: Nota: las líneas verticales del gráfico marcan la media y los límites μ ± 1σ, 2σ y 3σ (21, 29, 37, 45, 53, 61 y 69 min).

Sheet Tabla Z
A1: Tabla de la distribución normal estándar: Φ(z) = P(Z ≤ z), para z ≥ 0
A2: Cada celda es =REDONDEAR(DISTR.NORM.ESTAND(z); 4), con z = encabezado de fila + encabezado de columna. Para z negativo: Φ(−z) = 1 − Φ(z).
A4: z | B4: 0 | C4: 0.01 | D4: 0.02 | E4: 0.03 | F4: 0.04 | G4: 0.05 | H4: 0.06 | I4: 0.07 | J4: 0.08 | K4: 0.09
A5: 0 | B5: =ROUND(NORMSDIST($A5+B$4),4) -> 0.5 | C5: =ROUND(NORMSDIST($A5+C$4),4) -> 0.504 | D5: =ROUND(NORMSDIST($A5+D$4),4) -> 0.508 | E5: =ROUND(NORMSDIST($A5+E$4),4) -> 0.512 | F5: =ROUND(NORMSDIST($A5+F$4),4) -> 0.516 | G5: =ROUND(NORMSDIST($A5+G$4),4) -> 0.5199 | H5: =ROUND(NORMSDIST($A5+H$4),4) -> 0.5239 | I5: =ROUND(NORMSDIST($A5+I$4),4) -> 0.5279 | ... K5: =ROUND(NORMSDIST($A5+K$4),4) -> 0.5359
A6: 0.1 | B6: =ROUND(NORMSDIST($A6+B$4),4) -> 0.5398 | C6: =ROUND(NORMSDIST($A6+C$4),4) -> 0.5438 | D6: =ROUND(NORMSDIST($A6+D$4),4) -> 0.5478 | E6: =ROUND(NORMSDIST($A6+E$4),4) -> 0.5517 | F6: =ROUND(NORMSDIST($A6+F$4),4) -> 0.5557 | G6: =ROUND(NORMSDIST($A6+G$4),4) -> 0.5596 | H6: =ROUND(NORMSDIST($A6+H$4),4) -> 0.5636 | I6: =ROUND(NORMSDIST($A6+I$4),4) -> 0.5675 | ... K6: =ROUND(NORMSDIST($A6+K$4),4) -> 0.5753
A7: 0.2 | B7: =ROUND(NORMSDIST($A7+B$4),4) -> 0.5793 | C7: =ROUND(NORMSDIST($A7+C$4),4) -> 0.5832 | D7: =ROUND(NORMSDIST($A7+D$4),4) -> 0.5871 | E7: =ROUND(NORMSDIST($A7+E$4),4) -> 0.591 | F7: =ROUND(NORMSDIST($A7+F$4),4) -> 0.5948 | G7: =ROUND(NORMSDIST($A7+G$4),4) -> 0.5987 | H7: =ROUND(NORMSDIST($A7+H$4),4) -> 0.6026 | I7: =ROUND(NORMSDIST($A7+I$4),4) -> 0.6064 | ... K7: =ROUND(NORMSDIST($A7+K$4),4) -> 0.6141
A8: 0.3 | B8: =ROUND(NORMSDIST($A8+B$4),4) -> 0.6179 | C8: =ROUND(NORMSDIST($A8+C$4),4) -> 0.6217 | D8: =ROUND(NORMSDIST($A8+D$4),4) -> 0.6255 | E8: =ROUND(NORMSDIST($A8+E$4),4) -> 0.6293 | F8: =ROUND(NORMSDIST($A8+F$4),4) -> 0.6331 | G8: =ROUND(NORMSDIST($A8+G$4),4) -> 0.6368 | H8: =ROUND(NORMSDIST($A8+H$4),4) -> 0.6406 | I8: =ROUND(NORMSDIST($A8+I$4),4) -> 0.6443 | ... K8: =ROUND(NORMSDIST($A8+K$4),4) -> 0.6517
A9: 0.4 | B9: =ROUND(NORMSDIST($A9+B$4),4) -> 0.6554 | C9: =ROUND(NORMSDIST($A9+C$4),4) -> 0.6591 | D9: =ROUND(NORMSDIST($A9+D$4),4) -> 0.6628 | E9: =ROUND(NORMSDIST($A9+E$4),4) -> 0.6664 | F9: =ROUND(NORMSDIST($A9+F$4),4) -> 0.67 | G9: =ROUND(NORMSDIST($A9+G$4),4) -> 0.6736 | H9: =ROUND(NORMSDIST($A9+H$4),4) -> 0.6772 | I9: =ROUND(NORMSDIST($A9+I$4),4) -> 0.6808 | ... K9: =ROUND(NORMSDIST($A9+K$4),4) -> 0.6879
A10: 0.5 | B10: =ROUND(NORMSDIST($A10+B$4),4) -> 0.6915 | C10: =ROUND(NORMSDIST($A10+C$4),4) -> 0.695 | D10: =ROUND(NORMSDIST($A10+D$4),4) -> 0.6985 | E10: =ROUND(NORMSDIST($A10+E$4),4) -> 0.7019 | F10: =ROUND(NORMSDIST($A10+F$4),4) -> 0.7054 | G10: =ROUND(NORMSDIST($A10+G$4),4) -> 0.7088 | H10: =ROUND(NORMSDIST($A10+H$4),4) -> 0.7123 | I10: =ROUND(NORMSDIST($A10+I$4),4) -> 0.7157 | ... K10: =ROUND(NORMSDIST($A10+K$4),4) -> 0.7224
A11: 0.6 | B11: =ROUND(NORMSDIST($A11+B$4),4) -> 0.7257 | C11: =ROUND(NORMSDIST($A11+C$4),4) -> 0.7291 | D11: =ROUND(NORMSDIST($A11+D$4),4) -> 0.7324 | E11: =ROUND(NORMSDIST($A11+E$4),4) -> 0.7357 | F11: =ROUND(NORMSDIST($A11+F$4),4) -> 0.7389 | G11: =ROUND(NORMSDIST($A11+G$4),4) -> 0.7422 | H11: =ROUND(NORMSDIST($A11+H$4),4) -> 0.7454 | I11: =ROUND(NORMSDIST($A11+I$4),4) -> 0.7486 | ... K11: =ROUND(NORMSDIST($A11+K$4),4) -> 0.7549
A12: 0.7 | B12: =ROUND(NORMSDIST($A12+B$4),4) -> 0.758 | C12: =ROUND(NORMSDIST($A12+C$4),4) -> 0.7611 | D12: =ROUND(NORMSDIST($A12+D$4),4) -> 0.7642 | E12: =ROUND(NORMSDIST($A12+E$4),4) -> 0.7673 | F12: =ROUND(NORMSDIST($A12+F$4),4) -> 0.7704 | G12: =ROUND(NORMSDIST($A12+G$4),4) -> 0.7734 | H12: =ROUND(NORMSDIST($A12+H$4),4) -> 0.7764 | I12: =ROUND(NORMSDIST($A12+I$4),4) -> 0.7794 | ... K12: =ROUND(NORMSDIST($A12+K$4),4) -> 0.7852
A13: 0.8 | B13: =ROUND(NORMSDIST($A13+B$4),4) -> 0.7881 | C13: =ROUND(NORMSDIST($A13+C$4),4) -> 0.791 | D13: =ROUND(NORMSDIST($A13+D$4),4) -> 0.7939 | E13: =ROUND(NORMSDIST($A13+E$4),4) -> 0.7967 | F13: =ROUND(NORMSDIST($A13+F$4),4) -> 0.7995 | G13: =ROUND(NORMSDIST($A13+G$4),4) -> 0.8023 | H13: =ROUND(NORMSDIST($A13+H$4),4) -> 0.8051 | I13: =ROUND(NORMSDIST($A13+I$4),4) -> 0.8078 | ... K13: =ROUND(NORMSDIST($A13+K$4),4) -> 0.8133
A14: 0.9 | B14: =ROUND(NORMSDIST($A14+B$4),4) -> 0.8159 | C14: =ROUND(NORMSDIST($A14+C$4),4) -> 0.8186 | D14: =ROUND(NORMSDIST($A14+D$4),4) -> 0.8212 | E14: =ROUND(NORMSDIST($A14+E$4),4) -> 0.8238 | F14: =ROUND(NORMSDIST($A14+F$4),4) -> 0.8264 | G14: =ROUND(NORMSDIST($A14+G$4),4) -> 0.8289 | H14: =ROUND(NORMSDIST($A14+H$4),4) -> 0.8315 | I14: =ROUND(NORMSDIST($A14+I$4),4) -> 0.834 | ... K14: =ROUND(NORMSDIST($A14+K$4),4) -> 0.8389
A15: 1 | B15: =ROUND(NORMSDIST($A15+B$4),4) -> 0.8413 | C15: =ROUND(NORMSDIST($A15+C$4),4) -> 0.8438 | D15: =ROUND(NORMSDIST($A15+D$4),4) -> 0.8461 | E15: =ROUND(NORMSDIST($A15+E$4),4) -> 0.8485 | F15: =ROUND(NORMSDIST($A15+F$4),4) -> 0.8508 | G15: =ROUND(NORMSDIST($A15+G$4),4) -> 0.8531 | H15: =ROUND(NORMSDIST($A15+H$4),4) -> 0.8554 | I15: =ROUND(NORMSDIST($A15+I$4),4) -> 0.8577 | ... K15: =ROUND(NORMSDIST($A15+K$4),4) -> 0.8621
A16: 1.1 | B16: =ROUND(NORMSDIST($A16+B$4),4) -> 0.8643 | C16: =ROUND(NORMSDIST($A16+C$4),4) -> 0.8665 | D16: =ROUND(NORMSDIST($A16+D$4),4) -> 0.8686 | E16: =ROUND(NORMSDIST($A16+E$4),4) -> 0.8708 | F16: =ROUND(NORMSDIST($A16+F$4),4) -> 0.8729 | G16: =ROUND(NORMSDIST($A16+G$4),4) -> 0.8749 | H16: =ROUND(NORMSDIST($A16+H$4),4) -> 0.877 | I16: =ROUND(NORMSDIST($A16+I$4),4) -> 0.879 | ... K16: =ROUND(NORMSDIST($A16+K$4),4) -> 0.883
... A39: 3.4 | B39: =ROUND(NORMSDIST($A39+B$4),4) -> 0.9997 | C39: =ROUND(NORMSDIST($A39+C$4),4) -> 0.9997 | D39: =ROUND(NORMSDIST($A39+D$4),4) -> 0.9997 | E39: =ROUND(NORMSDIST($A39+E$4),4) -> 0.9997 | F39: =ROUND(NORMSDIST($A39+F$4),4) -> 0.9997 | G39: =ROUND(NORMSDIST($A39+G$4),4) -> 0.9997 | H39: =ROUND(NORMSDIST($A39+H$4),4) -> 0.9997 | I39: =ROUND(NORMSDIST($A39+I$4),4) -> 0.9997 | ... K39: =ROUND(NORMSDIST($A39+K$4),4) -> 0.9998

Sheet Sensibilidad
A1: Sensibilidad: efecto de la tasa de defectos en el riesgo del lote
A2: Mismo lote (n = 200) con distintas tasas de defecto p; el escenario actual es p = 3 %. Las tasas de la columna A son supuestos de análisis, no datos de la empresa.
A4: Tasa de defecto p | B4: μ = n·p | C4: σ | D4: P(X ≤ 3) | E4: P(X ≥ 6) | F4: P(X ≥ 10) | G4: Defectos esperados frente a p = 3 %
A5: 0.01 | B5: =Parámetros!$B$5*A5 -> 2 | C5: =SQRT(Parámetros!$B$5*A5*(1-A5)) -> 1.4071247 | D5: =BINOMDIST(Parámetros!$B$12,Parámetros!$B$5,A5,TRUE()) -> 0.85803403 | E5: =1-BINOMDIST(Parámetros!$B$11-1,Parámetros!$B$5,A5,TRUE()) -> 0.016022907 | F5: =1-BINOMDIST(9,Parámetros!$B$5,A5,TRUE()) -> 4.0141809e-05 | G5: =B5/$B$7 -> 0.33333333
A6: 0.02 | B6: =Parámetros!$B$5*A6 -> 4 | C6: =SQRT(Parámetros!$B$5*A6*(1-A6)) -> 1.979899 | D6: =BINOMDIST(Parámetros!$B$12,Parámetros!$B$5,A6,TRUE()) -> 0.43149497 | E6: =1-BINOMDIST(Parámetros!$B$11-1,Parámetros!$B$5,A6,TRUE()) -> 0.21327753 | F6: =1-BINOMDIST(9,Parámetros!$B$5,A6,TRUE()) -> 0.0074792879 | G6: =B6/$B$7 -> 0.66666667
A7: 0.03 | B7: =Parámetros!$B$5*A7 -> 6 | C7: =SQRT(Parámetros!$B$5*A7*(1-A7)) -> 2.4124676 | D7: =BINOMDIST(Parámetros!$B$12,Parámetros!$B$5,A7,TRUE()) -> 0.14715119 | E7: =1-BINOMDIST(Parámetros!$B$11-1,Parámetros!$B$5,A7,TRUE()) -> 0.55677079 | F7: =1-BINOMDIST(9,Parámetros!$B$5,A7,TRUE()) -> 0.080779359 | G7: =B7/$B$7 -> 1
A8: 0.04 | B8: =Parámetros!$B$5*A8 -> 8 | C8: =SQRT(Parámetros!$B$5*A8*(1-A8)) -> 2.7712813 | D8: =BINOMDIST(Parámetros!$B$12,Parámetros!$B$5,A8,TRUE()) -> 0.039529338 | E8: =1-BINOMDIST(Parámetros!$B$11-1,Parámetros!$B$5,A8,TRUE()) -> 0.81435031 | F8: =1-BINOMDIST(9,Parámetros!$B$5,A8,TRUE()) -> 0.2808 | G8: =B8/$B$7 -> 1.3333333
A9: 0.05 | B9: =Parámetros!$B$5*A9 -> 10 | C9: =SQRT(Parámetros!$B$5*A9*(1-A9)) -> 3.082207 | D9: =BINOMDIST(Parámetros!$B$12,Parámetros!$B$5,A9,TRUE()) -> 0.0090483764 | E9: =1-BINOMDIST(Parámetros!$B$11-1,Parámetros!$B$5,A9,TRUE()) -> 0.9376575 | F9: =1-BINOMDIST(9,Parámetros!$B$5,A9,TRUE()) -> 0.54529019 | G9: =B9/$B$7 -> 1.6666667
A11: Lectura: bajar la tasa de defecto de 3 % a 2 % reduce un tercio los defectos esperados y la probabilidad de 6 o más defectos baja de más de la mitad a cerca de un quinto de los lotes.
